{
    "mat_R1toRa": [
        [
            1.0,
            -0.0,
            0.0,
            -31.0
        ],
        [
            0.0,
            1.0,
            0.0,
            11.87
        ],
        [
            0.0,
            0.0,
            1.0,
            2.5
        ],
        [
            0.0,
            0.0,
            0.0,
            1.0
        ]
    ],
    "mat_R2toR1": [
        [
            1.0,
            0.0,
            0.0,
            -10000.0
        ],
        [
            0.0,
            0.7071067811865476,
            -0.7071067811865476,
            13.89
        ],
        [
            0.0,
            0.7071067811865476,
            0.7071067811865476,
            3.59
        ],
        [
            0.0,
            0.0,
            0.0,
            1.0
        ]
    ],
    "mat_R3toR2": [
        [
            -10000,
            0,
            -10000,
            0
        ],
        [
            0,
            1,
            0,
            0
        ],
        [
            -10000,
            0,
            -10000,
            0
        ],
        [
            0,
            0,
            0,
            1
        ]
    ]
}