{
    "mat_R1toRa": [
        [
            1.0,
            -0.0,
            0,
            -31
        ],
        [
            0.0,
            1.0,
            0,
            11.87
        ],
        [
            0,
            0,
            1,
            2.5
        ],
        [
            0,
            0,
            0,
            1
        ]
    ],
    "mat_R2toR1": [
        [
            1,
            0,
            0,
            -10000
        ],
        [
            0,
            0.7071067811865475,
            -0.7071067811865476,
            13.89
        ],
        [
            0,
            0.7071067811865476,
            0.7071067811865475,
            3.59
        ],
        [
            0,
            0,
            0,
            1
        ]
    ],
    "mat_R3toR2": [
        [
            -10000,
            0,
            -10000,
            0
        ],
        [
            0,
            1,
            0,
            0
        ],
        [
            -10000,
            0,
            -10000,
            0
        ],
        [
            0,
            0,
            0,
            1
        ]
    ],
    "pos_AI_TS": [
        [
            -72.55,
            40.66,
            -7.29,
            1
        ],
        [
            19.35,
            44.05,
            -7.18,
            1
        ],
        [
            -27.5,
            29.58,
            -69.96,
            1
        ]
    ],
    "markers_in_Ra": [
        [
            5.69,
            -72.7,
            14.25,
            1
        ],
        [
            -11.25,
            -72.7,
            5.69,
            1
        ]
    ]
}