{
    "mat_R1toRa": [
        [
            1.0,
            -0.0,
            0,
            -31
        ],
        [
            0.0,
            1.0,
            0,
            11.87
        ],
        [
            0,
            0,
            1,
            -2.5
        ],
        [
            0,
            0,
            0,
            1
        ]
    ],
    "mat_R2toR1": [
        [
            1,
            0,
            0,
            -10000
        ],
        [
            0,
            0.6427876096865394,
            0.766044443118978,
            14.21
        ],
        [
            0,
            -0.766044443118978,
            0.6427876096865394,
            -2.78
        ],
        [
            0,
            0,
            0,
            1
        ]
    ],
    "mat_R3toR2": [
        [
            -10000,
            0,
            -10000,
            0
        ],
        [
            0,
            1,
            0,
            0
        ],
        [
            -10000,
            0,
            -10000,
            0
        ],
        [
            0,
            0,
            0,
            1
        ]
    ],
    "pos_AI_TS": [
        [
            -5.69,
            -72.7,
            -16.25,
            1
        ],
        [
            -11.25,
            -72.7,
            -5.69,
            1
        ]
    ],
    "markers_in_Ra": [
        [
            3.594721921768439,
            32.881744183404706,
            32.24294072573264,
            1
        ],
        [
            -9.639076750447344,
            81.05386981261762,
            52.15412298381773,
            1
        ],
        [
            -29.56340378537749,
            39.22389305741463,
            72.48601160493172,
            1
        ]
    ],
    "length_pivot": 7.5
}