{
    "mat_R1toRa": [
        [
            1.0,
            -0.0,
            0,
            -31
        ],
        [
            0.0,
            1.0,
            0,
            11.87
        ],
        [
            0,
            0,
            1,
            -2.5
        ],
        [
            0,
            0,
            0,
            1
        ]
    ],
    "mat_R2toR1": [
        [
            1,
            0,
            0,
            -10000
        ],
        [
            0,
            0.7071067811865476,
            0.7071067811865475,
            14.21
        ],
        [
            0,
            -0.7071067811865475,
            0.7071067811865476,
            -2.78
        ],
        [
            0,
            0,
            0,
            1
        ]
    ],
    "mat_R3toR2": [
        [
            -10000,
            0,
            -10000,
            0
        ],
        [
            0,
            1,
            0,
            0
        ],
        [
            -10000,
            0,
            -10000,
            0
        ],
        [
            0,
            0,
            0,
            1
        ]
    ],
    "pos_AI_TS": [
        [
            -5.69,
            -72.7,
            -16.25,
            1
        ],
        [
            -11.25,
            -72.7,
            -5.69,
            1
        ]
    ],
    "markers_in_Ra": [
        [
            15.64,
            37.4,
            9.32,
            1
        ],
        [
            -65.64,
            37.4,
            9.32,
            1
        ],
        [
            -25,
            24.89,
            64.1,
            1
        ]
    ],
    "length_pivot": 7.5
}