{
    "mat_R1toRa": [
        [
            0.9961946980917455,
            -0.08715574274765817,
            0,
            -31
        ],
        [
            0.08715574274765817,
            0.9961946980917455,
            0,
            11.87
        ],
        [
            0,
            0,
            1,
            2.5
        ],
        [
            0,
            0,
            0,
            1
        ]
    ],
    "mat_R2toR1": [
        [
            1,
            0,
            0,
            -10000
        ],
        [
            0,
            0.6427876096865393,
            -0.766044443118978,
            13.89
        ],
        [
            0,
            0.766044443118978,
            0.6427876096865393,
            3.59
        ],
        [
            0,
            0,
            0,
            1
        ]
    ],
    "mat_R3toR2": [
        [
            -10000,
            0,
            -10000,
            0
        ],
        [
            0,
            1,
            0,
            0
        ],
        [
            -10000,
            0,
            -10000,
            0
        ],
        [
            0,
            0,
            0,
            1
        ]
    ],
    "pos_AI_TS": [
        [
            5.69,
            -72.7,
            14.25,
            1
        ],
        [
            -11.25,
            -72.7,
            5.69,
            1
        ]
    ],
    "markers_in_Ra": [
        [
            -65.64,
            37.4,
            -9.32,
            1
        ],
        [
            15.64,
            37.4,
            -9.32,
            1
        ],
        [
            -25,
            24.89,
            -64.1,
            1
        ]
    ],
    "length_pivot": 7.5
}