{
    "matrice_homogene_1Ta": [
        [
            1.0,
            -0.0,
            0.0,
            -31.0
        ],
        [
            0.0,
            1.0,
            0.0,
            11.87
        ],
        [
            0.0,
            0.0,
            1.0,
            -2.5
        ],
        [
            0.0,
            0.0,
            0.0,
            1.0
        ]
    ],
    "matrice_homogene_2T1": [
        [
            1.0,
            0.0,
            0.0,
            -10000.0
        ],
        [
            0.0,
            0.7071067811865476,
            0.7071067811865476,
            14.21
        ],
        [
            0.0,
            -0.7071067811865476,
            0.7071067811865476,
            -2.78
        ],
        [
            0.0,
            0.0,
            0.0,
            1.0
        ]
    ],
    "matrice_homogene_3T2": [
        [
            -10000,
            0,
            -10000,
            0
        ],
        [
            0,
            1,
            0,
            0
        ],
        [
            -10000,
            0,
            -10000,
            0
        ],
        [
            0,
            0,
            0,
            1
        ]
    ]
}